{"cameraMode":{"drawMode":0,"name":"Shaded","section":"Shading Mode"},"sceneLighting":false,"audioPlay":false,"sceneViewState":{"m_AlwaysRefresh":false,"showFog":true,"showSkybox":true,"showFlares":true,"showImageEffects":true,"showParticleSystems":true,"showVisualEffectGraphs":true,"m_FxEnabled":true},"in2DMode":false,"pivot":{"x":4.6358418464660648,"y":-6.799618721008301,"z":-28.683942794799806},"rotation":{"x":-0.011503450572490693,"y":-0.9703705310821533,"z":0.23783324658870698,"w":-0.05063125863671303},"size":12.12435531616211,"orthographic":false}