{"cameraMode":{"drawMode":0,"name":"Shaded","section":"Shading Mode"},"sceneLighting":false,"audioPlay":false,"sceneViewState":{"m_AlwaysRefresh":false,"showFog":true,"showSkybox":true,"showFlares":true,"showImageEffects":true,"showParticleSystems":true,"showVisualEffectGraphs":true,"m_FxEnabled":true},"in2DMode":false,"pivot":{"x":57.14812469482422,"y":8.350871086120606,"z":-6.392062187194824},"rotation":{"x":-0.021486399695277215,"y":-0.9737773537635803,"z":0.20029814541339875,"w":-0.10691188275814057},"size":1.5208954811096192,"orthographic":false}