{"cameraMode":{"drawMode":0,"name":"Shaded","section":"Shading Mode"},"sceneLighting":false,"audioPlay":false,"sceneViewState":{"m_AlwaysRefresh":false,"showFog":true,"showSkybox":true,"showFlares":true,"showImageEffects":true,"showParticleSystems":true,"showVisualEffectGraphs":true,"m_FxEnabled":true},"in2DMode":false,"pivot":{"x":20.00342559814453,"y":0.42322391271591189,"z":-18.67432975769043},"rotation":{"x":0.002568247029557824,"y":-0.9885536432266235,"z":0.15274791419506074,"w":0.011080550961196423},"size":9.832852363586426,"orthographic":false}