{"cameraMode":{"drawMode":0,"name":"Shaded","section":"Shading Mode"},"sceneLighting":false,"audioPlay":false,"sceneViewState":{"m_AlwaysRefresh":false,"showFog":true,"showSkybox":true,"showFlares":true,"showImageEffects":true,"showParticleSystems":true,"showVisualEffectGraphs":true,"m_FxEnabled":true},"in2DMode":false,"pivot":{"x":20.478551864624025,"y":4.562721252441406,"z":-9.114155769348145},"rotation":{"x":-0.0004957842756994069,"y":-0.9532384276390076,"z":0.3030487298965454,"w":-0.00020493821648415178},"size":3.846008062362671,"orthographic":false}