{"cameraMode":{"drawMode":0,"name":"Shaded","section":"Shading Mode"},"sceneLighting":false,"audioPlay":false,"sceneViewState":{"m_AlwaysRefresh":false,"showFog":true,"showSkybox":true,"showFlares":true,"showImageEffects":true,"showParticleSystems":true,"showVisualEffectGraphs":true,"m_FxEnabled":true},"in2DMode":false,"pivot":{"x":13.694954872131348,"y":5.297240257263184,"z":-9.229251861572266},"rotation":{"x":-0.0037392587400972845,"y":0.9876137971878052,"z":-0.15866483747959138,"w":-0.015768596902489663},"size":7.048651695251465,"orthographic":false}