{"cameraMode":{"drawMode":0,"name":"Shaded","section":"Shading Mode"},"sceneLighting":false,"audioPlay":false,"sceneViewState":{"m_AlwaysRefresh":false,"showFog":true,"showSkybox":true,"showFlares":true,"showImageEffects":true,"showParticleSystems":true,"showVisualEffectGraphs":true,"m_FxEnabled":true},"in2DMode":false,"pivot":{"x":23.575546264648439,"y":-6.344318866729736,"z":-30.28558349609375},"rotation":{"x":0.01035100407898426,"y":0.9607173800468445,"z":-0.2731527090072632,"w":0.059563957154750827},"size":17.721960067749025,"orthographic":false}